id,name,age
1,Dennis Z.,26
2,Kathryn Q.,54
3,David W.,22
4,Shannon P.,34
5,Noah N.,25
6,Clifford B.,49
7,Patricia Y.,46
8,Ryan W.,48
9,Katie S.,59
10,Sean U.,42
11,Laurie L.,31
12,Sierra U.,24
13,Anthony B.,49
14,Debra A.,19
15,Sheila Y.,42
16,Glenda B.,45
17,Jessica H.,56
18,Jeffrey C.,18
19,Sheila J.,62
20,Jesse O.,46
21,Erica W.,35
22,Steve S.,64
23,Sara A.,32
24,Mary J.,55
25,Sandra G.,24
26,Jacob U.,38
27,Michelle H.,19
28,Julia U.,19
29,Teresa G.,19
30,Sharon B.,59
31,William Q.,52
32,James S.,18
33,Briana F.,42
34,Meghan G.,61
35,Phillip C.,31
36,Timothy V.,45
37,Laura A.,64
38,Elizabeth X.,19
39,Ana S.,51
40,Kimberly V.,32
41,Nicholas C.,46
42,Elizabeth G.,49
43,Kimberly H.,53
44,Mary X.,32
45,Tracy B.,40
46,Taylor T.,32
47,Jade N.,61
48,Brittany Z.,32
49,Deborah K.,47
50,Wayne A.,36
51,Kaylee I.,19
52,Samantha J.,44
53,Jesse G.,53
54,Maurice K.,59
55,Michael R.,24
56,Donna M.,29
57,Susan A.,58
58,Patrick V.,64
59,William I.,36
60,April J.,25
61,Jamie D.,65
62,Timothy X.,39
63,Ashley M.,64
64,Shelley A.,63
65,Todd W.,50
66,Robert A.,45
67,Amanda N.,50
68,Kristin V.,60
69,Stephen B.,30
70,Linda O.,37
71,Gregory L.,36
72,Henry F.,55
73,Lauren Z.,49
74,Melissa Q.,50
75,Antonio R.,43
76,Chad B.,55
77,Shawn W.,20
78,Karla P.,48
79,Joseph Z.,33
80,Colleen W.,65
81,Kelly K.,43
82,Erik H.,44
83,Stephanie Q.,60
84,Joshua T.,29
85,Kelly S.,41
86,Marc E.,53
87,Danny T.,62
88,Paul A.,61
89,Laura Q.,65
90,Daniel U.,41
91,William N.,23
92,Tammy B.,46
93,Lisa B.,60
94,Jeremiah Z.,50
95,Dwayne U.,24
96,Susan C.,28
97,Janet R.,51
98,Ronald O.,43
99,Tiffany O.,41
100,Lauren H.,49
101,Shannon H.,64
102,Deborah Z.,19
103,Emily Z.,48
104,Manuel O.,20
105,Ronald V.,37
106,Kenneth N.,63
107,Nancy T.,57
108,Chad E.,55
109,Lance T.,55
110,Julia A.,43
111,Annette I.,59
112,Alan C.,28
113,Brittany N.,28
114,Suzanne K.,50
115,Steven X.,32
116,Jane G.,18
117,Benjamin M.,30
118,Michael N.,52
119,Ashley B.,53
120,Brittany F.,32
121,Dan Q.,43
122,Peter G.,50
123,Vincent U.,40
124,Cheryl Z.,54
125,Rachel B.,40
126,Eric U.,47
127,Lisa K.,35
128,Kirsten V.,60
129,Ruben R.,53
130,Emily Y.,56
131,Sarah W.,64
132,Robin R.,18
133,Amanda X.,42
134,Valerie P.,65
135,Cameron C.,50
136,Christopher K.,26
137,Garrett I.,51
138,Jason W.,53
139,Martin G.,31
140,Maureen X.,45
141,Matthew H.,21
142,Kelly M.,48
143,Kimberly T.,41
144,Paige I.,54
145,Bethany X.,53
146,Damon C.,30
147,Richard Y.,50
148,Michelle Y.,44
149,Dylan I.,49
150,Matthew N.,40
151,Brenda Y.,44
152,Chase J.,40
153,Jeffrey F.,18
154,Stephanie X.,52
155,Patricia K.,52
156,Amanda H.,57
157,Stephen R.,57
158,Daniel C.,39
159,Maria A.,47
160,Christina A.,56
161,Christopher H.,19
162,Margaret Y.,32
163,Billy P.,58
164,Kristen L.,29
165,Robert H.,53
166,Shannon R.,55
167,John V.,29
168,Megan B.,23
169,Renee Y.,53
170,Lindsay I.,34
171,Regina S.,20
172,Andrea T.,61
173,Thomas G.,22
174,Jared U.,23
175,Benjamin A.,19
176,Kristin S.,46
177,Jessica U.,18
178,Shannon U.,35
179,Raymond E.,33
180,Robin M.,35
181,Tara H.,25
182,John Y.,57
183,Christine I.,29
184,Mikayla E.,40
185,Dorothy Q.,36
186,Isaac N.,22
187,Kyle P.,28
188,Michael R.,28
189,Christopher W.,34
190,Seth P.,51
191,Autumn V.,28
192,Shelley Y.,60
193,Tammy C.,35
194,Mark U.,59
195,Laura L.,63
196,Patricia T.,36
197,John G.,47
198,Amy L.,62
199,Lindsey F.,38
200,John B.,49
201,Lindsey Z.,48
202,Charles J.,25
203,Mikayla U.,19
204,Charles O.,37
205,Alejandro W.,42
206,Laura F.,39
207,Taylor J.,44
208,Craig X.,30
209,Laura E.,34
210,William Q.,24
211,Glen X.,34
212,Edward J.,64
213,Lorraine U.,50
214,Kevin T.,31
215,Willie M.,56
216,Kelly N.,45
217,Donald U.,19
218,Anthony U.,32
219,Lori N.,19
220,Linda J.,43
221,Mary V.,27
222,Valerie N.,20
223,Gregory B.,64
224,Amanda D.,28
225,Jennifer Q.,46
226,John X.,63
227,Caleb C.,50
228,Lindsey J.,61
229,John C.,45
230,Melissa D.,52
231,Alex V.,32
232,George F.,58
233,Andrew P.,62
234,Sarah K.,51
235,Andrew S.,46
236,Michael I.,32
237,Brittney I.,51
238,Jonathon R.,59
239,Raymond Z.,19
240,Gerald F.,43
241,Jesus A.,61
242,Gregory U.,54
243,Vincent P.,38
244,Samantha R.,60
245,Danielle O.,58
246,John F.,45
247,Gloria O.,21
248,Jennifer V.,65
249,Ann U.,37
250,Samantha R.,26
251,Teresa O.,31
252,Brandon E.,21
253,Kathryn P.,37
254,Natalie K.,22
255,William Y.,22
256,Nicole T.,37
257,Kenneth T.,37
258,Melinda X.,65
259,Frederick S.,28
260,Jill M.,44
261,Christopher H.,54
262,Peggy G.,34
263,Ashley L.,26
264,Eric B.,18
265,Jeff K.,53
266,Jennifer Y.,20
267,Brett R.,55
268,Phillip O.,31
269,Michael G.,54
270,Megan I.,47
271,Jessica C.,28
272,Alexandria F.,63
273,Lindsey O.,57
274,Craig V.,50
275,Roberta I.,20
276,Tanya N.,42
277,Meagan Q.,30
278,Gloria F.,40
279,Sean P.,24
280,Teresa Y.,31
281,Shelby B.,54
282,Randy U.,61
283,Samuel N.,45
284,Regina N.,55
285,David M.,30
286,Amanda H.,49
287,Donna R.,24
288,John V.,60
289,Anita M.,42
290,Allison L.,36
291,Andrew O.,50
292,Teresa P.,49
293,Mary N.,19
294,Gerald J.,38
295,Amy R.,57
296,Larry W.,43
297,John R.,36
298,Sean Z.,19
299,Melissa K.,28
300,Amy F.,30
301,Robert H.,38
302,Kayla K.,54
303,Natasha N.,26
304,Justin G.,39
305,Rebecca B.,45
306,David V.,31
307,Alexander S.,35
308,Tammie W.,61
309,Jennifer P.,24
310,Derrick G.,42
311,Nathaniel Z.,53
312,Larry G.,40
313,Erica W.,61
314,Allison A.,52
315,David T.,49
316,Shannon T.,52
317,Amber V.,33
318,Krista R.,22
319,Ashley H.,64
320,Deborah Y.,20
321,Patrick J.,23
322,Adam R.,26
323,Cynthia U.,28
324,Nicole U.,28
325,William D.,52
326,Carolyn H.,31
327,Robert V.,35
328,Jennifer T.,39
329,Jacqueline C.,56
330,Christine H.,50
331,James H.,34
332,Adam Y.,41
333,Beth Z.,39
334,Matthew N.,39
335,Breanna U.,25
336,Holly V.,36
337,Carlos V.,33
338,John P.,56
339,Kelly B.,63
340,Richard O.,49
341,Eric X.,26
342,Sharon Y.,55
343,Joseph L.,53
344,Katrina X.,24
345,Catherine W.,38
346,Roberta Z.,20
347,Jean R.,44
348,Amy J.,22
349,Steven Q.,42
350,Todd D.,27
351,William R.,26
352,William V.,39
353,Brittany E.,25
354,Michael Q.,57
355,Scott K.,55
356,William K.,42
357,Hannah Z.,22
358,Cynthia R.,54
359,Cassidy N.,53
360,Allison P.,32
361,Norma R.,54
362,Casey S.,23
363,Maria H.,35
364,Donna D.,41
365,William V.,36
366,Brandon T.,54
367,Denise T.,52
368,Wendy J.,25
369,Joseph N.,47
370,Jodi Z.,35
371,Ann L.,24
372,Timothy Q.,20
373,Michelle V.,36
374,Jennifer Q.,18
375,Tamara T.,57
376,John Q.,60
377,Anthony N.,18
378,Richard B.,23
379,Sarah P.,44
380,Kristen M.,25
381,Charles U.,20
382,Gabriel L.,30
383,Scott U.,33
384,Eddie Q.,55
385,Stephen K.,44
386,Dillon I.,28
387,Patricia C.,25
388,Michael W.,46
389,Richard H.,28
390,Jennifer T.,61
391,Erin E.,33
392,Daniel Z.,28
393,Manuel G.,65
394,Stephanie C.,24
395,Brian M.,45
396,Andrew W.,42
397,Jay C.,52
398,Troy H.,36
399,Lisa N.,53
400,Scott Q.,34
401,Mary H.,63
402,Christie L.,48
403,Cody Z.,38
404,Jesus C.,24
405,Nicholas K.,31
406,Teresa P.,59
407,Lori D.,38
408,Amy Y.,20
409,Jason T.,19
410,Jonathan F.,18
411,Brittney N.,36
412,Virginia C.,64
413,Alexis A.,56
414,Meredith U.,38
415,Pamela L.,46
416,Justin M.,43
417,Ricardo W.,38
418,Debbie Y.,43
419,Robin A.,22
420,Paul Q.,22
421,Amy K.,38
422,Noah I.,56
423,Christopher P.,47
424,Mary A.,25
425,Austin D.,34
426,Alicia I.,31
427,Brad R.,57
428,Kimberly B.,52
429,Christopher B.,62
430,Victor I.,48
431,Julie R.,60
432,Lisa M.,40
433,Elizabeth Y.,34
434,Mark R.,29
435,Tara P.,52
436,Cynthia P.,31
437,Brian Y.,37
438,Brittany W.,30
439,Roy S.,33
440,Ann H.,41
441,Tanya W.,23
442,Amy I.,35
443,James I.,23
444,Roger Q.,46
445,Chad R.,23
446,Julia U.,59
447,Teresa E.,54
448,John G.,59
449,Edward N.,39
450,Melissa C.,32
451,Brian F.,42
452,Rita G.,37
453,Taylor X.,20
454,Cory U.,38
455,Billy I.,29
456,Antonio Q.,38
457,David Z.,55
458,Kathryn C.,37
459,Angel H.,33
460,Joseph Q.,39
461,Lauren F.,24
462,Kevin Y.,52
463,Brian Q.,57
464,Lawrence I.,55
465,Jorge Y.,56
466,Lindsay R.,23
467,Kevin B.,33
468,Maureen G.,32
469,Angela V.,19
470,Sandra G.,33
471,Kristen L.,43
472,Timothy I.,22
473,Denise C.,35
474,Alexandra J.,53
475,Jennifer L.,22
476,Jacqueline I.,64
477,Anthony S.,22
478,Julia M.,19
479,Mitchell H.,58
480,Mario A.,18
481,Michael K.,36
482,Calvin T.,40
483,Lisa P.,49
484,Amanda A.,48
485,Kenneth W.,27
486,Joseph V.,24
487,Kaitlyn G.,50
488,Alan H.,38
489,Eduardo U.,22
490,Mark U.,50
491,Ashley C.,60
492,Tiffany E.,29
493,Shawn X.,29
494,Sara Y.,27
495,Lisa F.,27
496,Sandra Z.,38
497,Brian D.,37
498,Alexandra K.,24
499,Melissa Q.,63
500,Kristen S.,50
501,Audrey V.,56
502,Michael Z.,36
503,Dawn Z.,26
504,Kyle M.,31
505,Tina I.,27
506,William B.,52
507,Eddie R.,64
508,Jeffrey I.,20
509,Rebecca L.,38
510,Katie U.,57
511,Christine Z.,61
512,Cory I.,53
513,Erin T.,65
514,Daniel Q.,62
515,Carl K.,31
516,Alicia F.,29
517,Melissa Y.,37
518,Melissa P.,45
519,Mary G.,52
520,Michelle B.,28
521,Brittany F.,21
522,Jennifer S.,63
523,Jeffrey M.,60
524,Carly P.,33
525,Ronald R.,34
526,Michael M.,22
527,Lauren U.,61
528,Charles Q.,46
529,Richard A.,45
530,Julie X.,53
531,Oscar F.,34
532,Charles N.,52
533,Nicole Y.,46
534,Beth B.,52
535,Billy D.,47
536,Adam T.,18
537,Heather P.,43
538,Adam H.,39
539,Lydia G.,28
540,Paige V.,34
541,Leslie X.,49
542,Amy K.,19
543,Victoria S.,59
544,Alicia I.,44
545,Sheila H.,54
546,Ricky O.,19
547,Bianca C.,21
548,Kevin G.,62
549,Sean I.,40
550,Andrea K.,55
551,Johnny A.,26
552,Virginia V.,55
553,Doris C.,26
554,Micheal Z.,26
555,Juan Q.,34
556,Paula Q.,35
557,Andrew F.,43
558,Sara A.,54
559,Patrick D.,43
560,Joseph Y.,29
561,Nathan V.,57
562,Melissa X.,23
563,Matthew D.,32
564,Linda E.,49
565,Michael A.,18
566,Eddie L.,29
567,Lisa X.,51
568,Michaela L.,38
569,Kristi A.,50
570,Jonathan G.,59
571,Justin A.,46
572,Heather B.,61
573,Matthew F.,58
574,Jason F.,64
575,Stacy Z.,32
576,Jennifer F.,33
577,Caleb N.,38
578,Tammy O.,49
579,Jessica G.,61
580,Jon E.,48
581,Kim G.,32
582,Raymond U.,63
583,Jacob A.,44
584,Christopher N.,39
585,Stephanie D.,53
586,Andrea I.,57
587,Robert D.,64
588,Sophia G.,59
589,Jessica R.,35
590,Robert Q.,59
591,Joyce Q.,32
592,Gabrielle L.,21
593,Timothy Y.,22
594,Janet D.,50
595,Kristin R.,59
596,Dawn Y.,41
597,David C.,28
598,Kelly G.,50
599,Tyler Z.,31
600,Darren E.,37
601,Daniel Y.,37
602,Christina S.,62
603,James H.,37
604,Jonathan V.,53
605,Pamela I.,41
606,Keith F.,28
607,Cynthia Z.,62
608,Amy N.,62
609,Kristina N.,65
610,Matthew F.,47
611,Curtis W.,56
612,Vanessa Q.,23
613,Michael T.,25
614,Joseph I.,56
615,Colleen T.,50
616,Kathleen G.,54
617,Jeremy R.,42
618,Joseph P.,29
619,Robert I.,27
620,Jonathan A.,34
621,Ann M.,45
622,Rebecca D.,31
623,Amanda M.,54
624,William A.,64
625,Joseph E.,21
626,Heather R.,49
627,Travis F.,61
628,Michael E.,43
629,John L.,63
630,Catherine L.,58
631,Jocelyn L.,40
632,Heather I.,42
633,Edward G.,50
634,Mark S.,28
635,Derek W.,52
636,Lisa N.,64
637,Leslie F.,20
638,Timothy H.,51
639,David I.,23
640,Holly O.,34
641,Christopher I.,58
642,Maria D.,24
643,Anna R.,35
644,Darren K.,65
645,James K.,23
646,Donna T.,26
647,Robert A.,57
648,Kim T.,60
649,Lynn O.,61
650,Christopher O.,62
651,Joshua O.,23
652,Traci V.,46
653,Joseph U.,33
654,April B.,42
655,David W.,45
656,Donald Q.,43
657,Rachel J.,28
658,Erin C.,38
659,Michael F.,46
660,Jenny G.,26
661,Kevin P.,57
662,Joseph D.,49
663,Michael F.,31
664,Don Z.,25
665,Nathan U.,45
666,Danielle P.,56
667,Clifford V.,52
668,Joshua G.,44
669,Pamela H.,25
670,Michael Z.,60
671,Krystal U.,36
672,Megan M.,35
673,Sara R.,33
674,Richard R.,42
675,Barbara U.,65
676,Allison K.,53
677,Robert Z.,18
678,Kevin O.,30
679,Cynthia J.,51
680,Dean M.,46
681,William L.,55
682,John B.,19
683,Joshua B.,19
684,John R.,58
685,Shirley Q.,56
686,Thomas Z.,33
687,Jenna V.,34
688,Nathaniel P.,31
689,Tiffany X.,29
690,Amy Z.,36
691,Jennifer R.,27
692,Beverly N.,52
693,Kyle R.,30
694,David E.,35
695,Robin J.,37
696,Erica N.,55
697,Timothy Z.,34
698,Melanie V.,61
699,Michael S.,46
700,Ernest Y.,28
701,Patrick C.,52
702,Richard M.,40
703,Dustin S.,49
704,Elizabeth Z.,44
705,Danielle A.,25
706,Amanda A.,31
707,Samantha P.,54
708,David V.,42
709,Anna G.,31
710,Stephen X.,36
711,Ryan R.,24
712,Robert X.,19
713,Ricky M.,25
714,Steven G.,54
715,Thomas C.,65
716,Debbie S.,18
717,Aaron C.,52
718,Marie L.,36
719,Donald G.,61
720,Kathryn J.,64
721,Joseph K.,59
722,Regina P.,26
723,Michael E.,22
724,Lori P.,50
725,Sara N.,41
726,John J.,54
727,Stephanie K.,37
728,Darren C.,45
729,Sabrina U.,50
730,Robert U.,61
731,Michael Q.,40
732,Connie X.,51
733,Ruth N.,38
734,Ryan Y.,18
735,Michael W.,25
736,Lisa C.,46
737,Lauren P.,63
738,Cynthia H.,46
739,Drew V.,40
740,Emily G.,37
741,Gerald P.,52
742,Connie V.,43
743,Katherine H.,39
744,Theresa B.,64
745,Timothy N.,61
746,Patrick L.,54
747,Ray O.,49
748,Cory V.,25
749,Theresa V.,59
750,Diane Y.,42
751,Erica V.,42
752,Thomas F.,31
753,Denise Q.,53
754,Jennifer M.,18
755,Ryan Z.,35
756,Amber K.,58
757,Tracy R.,56
758,Mary J.,64
759,Alexander A.,65
760,Daniel B.,64
761,Denise L.,50
762,Stephen Y.,30
763,Elizabeth Z.,47
764,Lisa J.,56
765,Eric H.,51
766,Margaret Q.,44
767,Andrew Z.,65
768,Lisa T.,63
769,Jill O.,37
770,Amanda Z.,62
771,Victoria I.,28
772,Linda B.,46
773,Rebecca Q.,57
774,Harold Q.,60
775,John X.,51
776,Amanda J.,30
777,Susan L.,41
778,Nicholas B.,51
779,William B.,18
780,Joe C.,61
781,Shari U.,42
782,James G.,55
783,Hannah P.,45
784,Whitney E.,43
785,John X.,39
786,Steven K.,57
787,Dawn Y.,55
788,Christopher G.,64
789,Darlene E.,62
790,Brady H.,65
791,John A.,22
792,Andrew T.,49
793,Steven U.,65
794,Robert M.,33
795,Dean J.,58
796,Jasmine U.,59
797,Kaylee O.,36
798,Shane G.,58
799,Leah J.,19
800,Gary Z.,44
801,Holly Z.,64
802,James R.,58
803,Michael J.,27
804,Jordan R.,58
805,Megan X.,43
806,Jennifer F.,35
807,Jessica V.,29
808,Sarah Q.,22
809,Jonathan W.,56
810,Patrick K.,18
811,Taylor J.,40
812,Stephanie Q.,34
813,Jeremy E.,63
814,Laurie I.,44
815,Christine I.,61
816,Ruben P.,52
817,Becky J.,37
818,Steven T.,27
819,James O.,47
820,Sarah J.,34
821,Kristie D.,49
822,Anthony Z.,28
823,Patrick R.,47
824,Derrick M.,50
825,David I.,20
826,Amy P.,35
827,Melissa I.,50
828,Justin Q.,24
829,Jennifer Z.,65
830,Michael L.,55
831,Jeffrey T.,45
832,Douglas F.,22
833,Amanda F.,40
834,Willie T.,22
835,Jason D.,60
836,Andrew Z.,46
837,Lisa L.,19
838,Dakota X.,28
839,Karen Q.,50
840,Christine D.,63
841,Maria U.,28
842,Ernest I.,62
843,Sue O.,23
844,Lydia H.,43
845,Melissa O.,58
846,Brenda V.,62
847,Jared G.,35
848,Randy T.,56
849,Jason Y.,37
850,Donna H.,31
851,Dennis T.,51
852,Beth U.,31
853,Adam H.,33
854,Lindsey W.,39
855,Anna Q.,35
856,Timothy N.,22
857,Jerry C.,22
858,Danielle Q.,62
859,Ellen J.,51
860,Wesley A.,60
861,Tammy X.,41
862,Dorothy Z.,47
863,Joseph G.,50
864,Elizabeth I.,53
865,Jacob B.,65
866,Shawn C.,21
867,Tracy Z.,28
868,Mackenzie I.,37
869,Lynn V.,59
870,Rebecca G.,65
871,Chris V.,63
872,Brad B.,53
873,Martha M.,35
874,Summer M.,40
875,Wayne G.,57
876,Paul X.,65
877,James X.,32
878,Donna L.,43
879,Tina X.,53
880,Tracey V.,43
881,Rebecca D.,29
882,Bradley N.,48
883,Gregory J.,34
884,Melissa S.,57
885,Taylor L.,39
886,Walter K.,63
887,Randy Z.,32
888,Laura K.,34
889,Debbie Z.,57
890,Joseph W.,63
891,Thomas D.,33
892,Andrea E.,60
893,Andre T.,19
894,Brianna U.,57
895,Laura M.,43
896,Bridget R.,38
897,Cameron M.,45
898,Kristin X.,33
899,Michael Z.,35
900,Yolanda Y.,30
901,Andrew L.,22
902,Daniel K.,58
903,Alyssa G.,64
904,Rachel V.,28
905,Sarah W.,55
906,Andrea O.,46
907,Mitchell E.,55
908,Todd O.,64
909,Christopher I.,27
910,Sean G.,56
911,Samantha I.,34
912,Adam K.,47
913,Renee X.,51
914,Jason L.,28
915,Eddie G.,26
916,Richard G.,26
917,Robert X.,63
918,Wendy Q.,46
919,Chelsea C.,41
920,Jennifer X.,37
921,Crystal Y.,43
922,Joseph Z.,33
923,Andrea K.,25
924,Kristi F.,63
925,Charles K.,31
926,Rebecca R.,63
927,Robert I.,61
928,Justin U.,37
929,Danielle P.,22
930,Jason R.,24
931,Jennifer D.,32
932,Joan T.,43
933,Kristin Z.,38
934,Theresa I.,49
935,Charles U.,24
936,Matthew S.,29
937,Michele I.,20
938,Austin X.,21
939,Lauren C.,56
940,Anthony U.,19
941,Robert K.,31
942,Olivia C.,61
943,Jasmine S.,20
944,Elizabeth H.,49
945,Roger M.,63
946,Jesse L.,51
947,David L.,64
948,William U.,57
949,Joseph M.,46
950,Kimberly X.,39
951,Suzanne V.,60
952,Sara N.,35
953,Jennifer O.,25
954,Sara O.,57
955,Albert F.,62
956,Antonio Q.,29
957,Rachel C.,24
958,Albert W.,32
959,Paige H.,43
960,Lisa C.,32
961,Sonya M.,49
962,Jason S.,46
963,John G.,42
964,Nathan Z.,28
965,Sheryl E.,32
966,James L.,33
967,Jacob N.,36
968,Kenneth L.,47
969,Ronald E.,53
970,Michael F.,55
971,Andrew G.,42
972,Donna K.,31
973,Elizabeth B.,46
974,Margaret L.,63
975,Matthew E.,34
976,Deborah M.,39
977,Jacqueline Z.,49
978,Troy M.,55
979,Anne J.,25
980,Shelby E.,31
981,Carol V.,23
982,Barbara X.,20
983,Shannon E.,18
984,Frederick R.,18
985,Emma H.,48
986,Kevin W.,38
987,Linda M.,42
988,Amber Q.,55
989,Kyle M.,36
990,Katherine Y.,30
991,Stephen W.,43
992,Jesse C.,28
993,Jason E.,59
994,Sara S.,27
995,Vanessa J.,19
996,Patrick B.,18
997,Brian H.,42
998,Michael Y.,27
999,Ruth Q.,60
1000,Karen V.,52
